frame_000001.jpg,burpees,1299.437,366.56845,-231.82018,1310.9979,353.55096,-229.48082,1317.1505,353.16364,-229.58905,1322.8011,352.99408,-229.62793,1300.3588,354.54822,-203.20486,1298.6392,354.75366,-203.15123,1296.9495,354.95905,-203.1508,1341.5593,361.46158,-179.8582,1306.9419,361.54868,-59.427555,1311.8319,382.7453,-212.15259,1297.7363,383.11993,-177.4542,1390.1842,456.47464,-217.87387,1277.3763,461.84778,81.95866,1389.4298,565.26447,-243.80098,1262.8376,567.7924,152.93877,1363.8813,657.24744,-308.44424,1239.0675,654.1871,23.406885,1363.627,689.27014,-352.7964,1231.0894,682.0259,-2.9558313,1349.0293,684.5134,-379.1944,1233.0149,679.0694,-50.404312,1346.2831,674.4982,-317.2257,1238.134,669.8043,-1.3925593,1350.9596,658.79767,-94.9105,1289.5939,658.20056,94.81151,1358.4662,803.2549,-83.078476,1304.3201,796.0358,135.07875,1371.5444,940.3445,73.147484,1321.7725,931.5417,291.40225,1379.3868,962.6175,77.25982,1337.0822,950.639,297.09665,1333.57,980.80695,-79.38864,1275.476,975.64636,184.54501
frame_000002.jpg,burpees,1193.8878,567.3911,-586.2904,1190.6057,550.333,-606.50226,1193.2307,548.2106,-606.38983,1196.282,545.7676,-606.3927,1185.5979,551.2022,-572.196,1184.9486,549.5596,-572.4467,1184.3854,547.7438,-572.58417,1216.4639,530.9184,-603.26117,1200.426,533.29114,-451.889,1210.6589,571.45386,-577.48145,1204.4169,573.3423,-533.29895,1321.7731,560.52515,-567.74634,1214.7653,576.5307,-269.78976,1361.1412,665.5522,-584.76556,1217.5405,675.2969,-160.20906,1370.4006,774.1387,-601.1072,1212.6276,777.7568,-241.83214,1372.8672,801.0435,-653.70544,1204.1272,803.63885,-255.44165,1357.5253,803.159,-664.8537,1206.565,807.39813,-307.78152,1355.6919,792.70953,-605.8748,1214.0918,798.8966,-265.0762,1399.7192,649.83673,-89.52178,1330.7266,663.1418,89.477875,1367.437,792.96674,-200.59212,1305.2244,787.78467,-35.84416,1366.323,945.40875,-155.13863,1322.8995,938.61475,28.595196,1384.7837,968.4086,-156.93188,1343.77,958.4207,31.294252,1339.1853,991.6873,-287.19083,1277.8872,977.11487,-62.543636
frame_000003.jpg,burpees,1082.0364,963.2109,-347.09628,1076.3901,951.4873,-368.0349,1078.4983,950.0887,-367.98145,1080.6445,947.774,-368.0058,1073.5514,950.41864,-341.1864,1073.4907,948.3595,-341.29913,1073.5555,946.10504,-341.3822,1097.8322,928.8167,-395.10324,1088.6442,928.5136,-278.16806,1098.8727,961.867,-349.40448,1095.1144,960.8376,-315.86288,1202.9495,916.0011,-387.8658,1132.9363,883.99365,-158.35509,1301.4913,914.6811,-384.34567,1156.561,921.78406,33.716385,1282.3025,1000.7407,-352.11865,1125.4364,978.7512,131.50386,1277.4369,1017.3379,-381.52515,1106.3472,988.128,134.76883,1259.6653,1013.26373,-382.89084,1110.2628,986.4824,112.87059,1260.4551,1008.44836,-351.45328,1120.5702,984.24475,124.507286,1334.4663,902.624,-88.20885,1302.268,885.1804,87.96626,1432.6677,906.8367,141.0089,1395.5348,895.02124,301.38766,1512.5247,889.1098,338.35052,1467.9618,878.97656,528.326,1527.381,879.0506,356.9139,1486.394,869.2897,552.5302,1508.0593,936.27484,318.1728,1475.5171,919.7993,552.79614
frame_000004.jpg,burpees,1135.939,830.38684,-470.15546,1129.2094,822.2193,-508.70923,1132.0315,819.56604,-508.68857,1134.7764,816.8632,-508.79758,1122.7634,824.1395,-472.54703,1120.6237,822.81195,-472.77243,1118.6057,821.55597,-472.83585,1143.1322,797.2391,-577.04333,1122.8016,803.2007,-411.7577,1152.38,819.9937,-483.51575,1144.9417,823.8576,-435.1347,1235.2986,772.2935,-560.8058,1128.535,772.3857,-272.1234,1274.6637,887.7314,-596.2405,1139.5433,876.463,-161.00519,1280.0541,1003.47144,-631.1588,1132.0779,975.455,-235.942,1267.4911,1020.5048,-721.6295,1106.6537,991.3935,-261.0646,1250.5037,1019.2386,-713.23065,1115.0336,990.7958,-318.9179,1255.4253,1013.7648,-635.65424,1128.1771,986.12524,-261.01752,1336.0184,692.1221,-107.92996,1279.6982,704.18933,107.95264,1392.7014,809.1776,-48.783615,1321.999,824.7245,207.61005,1479.0404,868.2208,224.4303,1414.3776,867.6339,480.05814,1494.7262,862.77765,248.10677,1440.6578,869.2775,507.95895,1474.2369,929.1413,166.8488,1430.1418,921.23804,464.58325
frame_000005.jpg,burpees,1238.0406,295.04318,-84.00459,1248.2804,280.50592,-80.85972,1253.1602,280.13193,-80.87728,1258.2612,279.89365,-80.999016,1239.7932,280.99405,-44.994312,1238.4447,281.00638,-44.945988,1237.1582,281.0905,-44.922497,1277.1539,283.24744,-36.249664,1250.4568,284.69135,132.24843,1249.3989,308.18036,-65.16688,1239.0001,308.6656,-17.420444,1323.2877,334.93942,-68.13234,1246.2634,337.4097,204.64604,1318.5585,232.07846,-149.06555,1247.7548,237.28162,231.27237,1317.3684,141.59073,-60.115005,1292.1415,148.37111,171.61844,1319.7905,119.253365,-91.15668,1303.5558,126.5212,121.57734,1320.3699,119.79197,-93.46063,1303.8247,126.069435,124.13043,1319.1393,125.98868,-63.350388,1300.7244,132.09653,158.84288,1310.1477,565.26025,-102.12846,1248.5048,568.53143,102.10608,1330.4966,728.84125,-113.82357,1267.3055,725.4341,133.59056,1347.4196,888.0594,5.8475933,1268.8721,878.4464,298.3953,1354.4412,911.58417,6.906547,1288.0,901.74994,304.51196,1302.7649,935.5188,-186.5682,1222.4128,931.832,170.59865
frame_000006.jpg,burpees,1247.1917,366.41342,-105.25021,1256.784,351.95642,-96.87227,1262.2107,351.22876,-97.01735,1268.0187,350.70258,-97.09127,1247.2594,353.8809,-73.49786,1245.6857,354.16202,-73.40444,1244.4822,354.57297,-73.365135,1289.0629,357.91458,-25.352104,1259.4541,359.5044,82.29497,1261.6324,381.43585,-78.67344,1249.3044,382.87982,-47.283653,1346.6794,436.61642,-90.82941,1240.5513,458.20364,229.91324,1386.4517,511.1277,-255.93004,1223.5492,557.0501,298.14673,1405.9147,551.67676,-519.8138,1151.7671,615.33997,177.97868,1412.4203,572.04114,-580.8525,1129.8184,632.365,159.15517,1399.8046,567.095,-610.26074,1126.4468,628.6777,111.74074,1393.4221,560.956,-536.71643,1135.2916,623.4593,152.28284,1328.8341,639.927,-111.01334,1269.4246,645.5544,110.997284,1332.4263,794.85077,-151.06992,1285.5364,793.88824,73.43961,1354.3602,949.7731,-95.288155,1302.4965,940.6721,145.5992,1368.2163,972.8378,-98.51652,1316.6466,961.51337,142.61516,1301.5063,989.66693,-252.47357,1252.0846,977.6823,26.492668
frame_000007.jpg,burpees,1220.5454,398.65994,-313.89523,1224.8679,381.43347,-329.90387,1228.9739,379.3745,-329.97522,1233.8511,377.31165,-330.0343,1217.6963,384.35962,-294.26807,1216.2327,384.2419,-294.27423,1214.7062,384.1484,-294.3674,1257.164,373.8898,-320.66537,1229.3265,380.9228,-160.852,1235.9666,409.1274,-305.19995,1226.1746,412.2114,-259.00375,1337.1774,453.4503,-332.2478,1223.4761,465.351,-3.928812,1360.4016,562.3208,-343.2666,1232.788,572.52203,99.433495,1376.5317,666.0845,-379.36453,1222.374,669.0683,-1.06588,1384.1832,696.14124,-418.7325,1219.2958,700.0555,-13.360285,1370.1577,696.1421,-445.63354,1218.986,698.7345,-67.04802,1364.1653,689.9963,-387.2302,1221.7924,688.7465,-26.491,1329.2797,652.65515,-98.13646,1267.0092,657.4033,98.04196,1336.1367,800.777,-129.23747,1287.5963,795.8893,130.52243,1349.0591,946.1815,-33.161816,1301.2604,939.3453,246.28458,1358.0276,967.22864,-33.53812,1314.295,961.16223,249.00919,1309.8617,980.67523,-173.60258,1245.1178,978.47974,144.18375
frame_000008.jpg,burpees,1162.2777,527.8601,-515.32025,1161.3661,511.82468,-533.74695,1164.4631,510.13162,-533.62134,1167.7175,508.29907,-533.6077,1156.3113,512.78033,-501.2698,1155.7415,511.7817,-501.4911,1155.2172,510.63583,-501.62952,1188.9148,497.3165,-528.73846,1171.182,499.48117,-388.46295,1178.375,533.6617,-506.62045,1171.8207,535.2615,-465.5669,1286.2672,536.5973,-510.7157,1184.2589,554.14813,-209.3411,1336.4657,646.30115,-506.21533,1191.1396,649.58905,-89.93231,1344.1266,748.6966,-511.1308,1182.0686,752.07074,-151.69073,1349.2821,774.60535,-553.7746,1172.4285,777.2559,-158.25888,1333.2161,772.0698,-563.7867,1173.4714,779.77875,-203.94249,1329.3888,762.3331,-514.23004,1180.194,771.02594,-171.40764,1367.2145,642.1237,-85.41064,1299.0228,654.2363,85.181725,1331.8923,788.8891,-197.33621,1279.7723,791.0654,-18.588137,1346.5975,945.5156,-159.95825,1300.2806,939.9274,27.985611,1364.3906,970.8227,-161.56757,1315.1779,959.4606,28.996286,1316.1083,991.99164,-277.64572,1252.5919,981.17114,-57.508194
frame_000009.jpg,burpees,1149.3696,731.9732,-594.382,1145.8446,719.7191,-628.51215,1148.4287,717.4915,-628.4072,1151.2699,714.9039,-628.46265,1140.8623,719.3406,-594.0234,1139.9554,716.9803,-594.37427,1138.9224,714.2668,-594.53467,1166.3523,695.2718,-675.956,1146.47,696.56665,-514.4536,1164.4406,728.6432,-600.93005,1158.2687,729.3632,-553.9767,1253.3806,697.836,-644.3418,1160.0686,690.61896,-352.20163,1260.1123,825.3258,-647.8499,1148.9407,810.4825,-275.7363,1265.4058,927.21515,-654.02264,1121.7445,916.37256,-382.6413,1264.5645,956.65344,-747.0825,1103.8083,939.3769,-412.4201,1245.5288,961.126,-750.01556,1108.1284,943.01666,-482.23572,1243.5765,955.2701,-662.8952,1116.5803,935.96564,-412.8828,1348.9261,671.2392,-122.35532,1287.0342,665.06433,122.51404,1312.73,812.52136,-254.10657,1233.7228,790.25946,211.48877,1342.8308,957.97736,-161.35558,1289.2885,931.5829,437.20114,1360.0614,974.89685,-159.2566,1307.3632,948.8969,456.6645,1283.4043,1015.2691,-302.1922,1251.6077,974.83276,395.47537
frame_000010.jpg,burpees,1118.5262,825.54156,-347.34982,1110.6089,816.09644,-376.80585,1112.7986,813.11957,-376.82614,1115.3257,809.68677,-376.93857,1104.9084,818.1006,-344.99625,1103.2494,816.84937,-345.2089,1101.764,815.34106,-345.2674,1123.369,788.2275,-433.43375,1105.3079,796.7915,-287.27032,1134.3779,816.1978,-359.3955,1128.5212,819.33514,-316.46246,1212.4274,764.404,-433.47125,1120.958,766.44385,-173.87518,1261.2496,877.4796,-472.55817,1123.2704,867.45197,-68.75607,1270.331,1000.8042,-491.53513,1114.844,970.15186,-119.65893,1259.8748,1022.8961,-567.7639,1088.7946,986.03876,-129.93327,1244.3208,1022.54016,-552.767,1096.2623,986.81866,-182.45784,1247.4865,1016.7752,-491.75308,1109.5029,981.83826,-140.67097,1307.7354,673.6805,-97.729225,1257.2924,688.2997,97.763725,1386.4338,775.8861,-90.140945,1327.38,798.06006,172.95125,1481.3113,853.4213,51.754105,1411.1265,860.28534,345.0389,1494.7875,852.15796,62.199383,1433.8931,860.12756,361.79306,1479.2289,918.4029,-6.4485965,1414.5062,927.6007,339.5128
frame_000011.jpg,burpees,1080.9454,822.5502,-643.3407,1074.2521,808.3557,-673.6523,1076.4648,805.8323,-673.59045,1078.9833,802.93695,-673.67676,1069.5099,811.10626,-634.95734,1068.3506,810.3603,-635.1102,1067.2898,809.4313,-635.19586,1099.0986,782.05133,-694.36664,1081.644,790.953,-521.4136,1099.7062,821.08813,-638.23804,1092.205,825.5463,-588.3404,1202.5741,797.4549,-680.88354,1110.4547,782.0044,-333.67065,1264.9728,899.428,-750.96497,1114.6499,880.05054,-205.76106,1267.8071,1006.3613,-814.9123,1111.201,969.6712,-248.32355,1260.2437,1023.40094,-904.541,1085.4576,985.8169,-276.20453,1244.8441,1020.50665,-900.1451,1097.8606,987.72125,-329.08774,1246.299,1015.1111,-819.4962,1110.062,984.11975,-272.6203,1329.8635,816.50696,-120.755,1285.9531,812.42725,120.25941,1409.4437,874.26135,216.11752,1364.6848,873.30725,478.51022,1499.2377,891.1501,596.8197,1450.9927,881.0031,891.44867,1521.8647,875.49976,631.98987,1469.6752,873.9099,935.44403,1503.8845,941.94586,546.5524,1443.8318,932.2327,899.86694
frame_000012.jpg,burpees,1066.2235,923.16376,-506.64853,1060.6228,913.4533,-538.5449,1062.4653,912.06903,-538.47974,1064.5226,910.411,-538.5195,1057.2689,912.6904,-499.56436,1056.9254,910.79364,-499.716,1056.7571,908.5585,-499.8075,1080.4666,890.1606,-577.9965,1070.7572,888.1388,-404.0871,1083.01,921.5965,-509.71875,1078.4762,921.4865,-459.82144,1190.9834,885.8259,-561.9799,1108.8785,859.9253,-238.10048,1290.0364,910.1976,-586.8344,1126.541,912.8946,-23.041792,1272.6819,1001.62384,-603.4705,1114.4507,976.2378,47.67889,1267.2317,1019.8882,-670.1482,1090.0983,986.4801,42.34066,1247.0415,1015.94196,-671.34674,1097.2214,986.71344,1.6278931,1247.2175,1010.20013,-607.06665,1108.9684,983.97595,32.62717,1321.355,859.68823,-120.38531,1281.1543,843.483,120.085205,1403.5157,879.1845,205.22792,1374.9506,874.8041,469.08887,1502.3818,885.9206,532.82025,1447.5767,877.12354,856.8421,1521.2496,874.95447,563.9467,1461.077,865.78284,898.54095,1500.9666,942.4823,490.2273,1446.9187,929.81287,872.17944
frame_000013.jpg,burpees,1053.9027,1024.219,-463.14203,1050.3191,1012.35315,-490.93552,1052.1912,1010.6743,-490.91617,1054.186,1008.85944,-491.02094,1047.3733,1011.7719,-463.77744,1046.9503,1009.7045,-463.89014,1046.5055,1007.464,-463.92114,1073.8553,990.04913,-517.72107,1057.4827,989.88574,-399.17114,1067.8794,1023.6424,-462.5878,1063.3727,1023.44366,-428.812,1173.7562,969.275,-483.82758,1095.2473,930.80054,-262.91873,1280.8025,922.71185,-415.8374,1132.341,884.0144,-3.3880227,1268.161,1007.9449,-297.09378,1104.269,950.4298,224.7397,1263.2712,1024.5879,-317.21527,1091.4945,960.35846,239.37408,1248.0134,1021.5205,-326.09213,1090.3289,969.80914,216.65106,1247.982,1016.75586,-296.69266,1097.9554,969.368,220.87791,1299.7281,941.28906,-90.35932,1263.3042,928.5019,90.17928,1415.0272,924.3665,182.85048,1364.0687,919.78455,364.74042,1497.3326,888.8034,418.45206,1441.138,877.1641,654.72656,1514.833,872.71246,442.30093,1453.8021,863.6796,686.2793,1506.1339,939.495,393.85492,1457.4014,922.8648,686.4373
frame_000014.jpg,burpees,1056.7357,1024.3395,-437.72418,1052.1376,1011.6313,-465.47086,1054.1682,1009.9287,-465.45062,1056.2861,1008.04333,-465.5354,1048.7206,1011.3115,-439.44354,1048.3733,1009.4157,-439.5653,1047.951,1007.37494,-439.60458,1074.6411,989.57184,-492.9746,1058.8397,989.2141,-380.2821,1071.2227,1023.9506,-437.58713,1067.861,1024.1671,-405.425,1178.7416,968.40204,-464.85754,1098.6475,929.9434,-249.13399,1279.5502,929.03156,-383.66077,1133.0139,888.18677,6.144251,1268.5005,1008.8801,-238.6521,1106.7094,953.3974,233.62177,1262.8884,1024.5398,-254.16893,1095.7928,964.96454,249.16096,1247.7548,1021.06226,-263.31073,1100.3783,969.5277,227.26558,1249.0948,1016.2504,-237.86433,1108.7644,967.8402,229.92712,1307.723,927.8611,-90.59476,1269.3197,921.8125,90.3686,1412.628,921.3567,196.67926,1364.6719,915.0164,383.22275,1498.1136,886.5349,432.34842,1439.9508,877.6012,683.7401,1515.7288,869.1371,456.67178,1449.6556,864.09296,716.77844,1507.283,941.32056,415.5334,1455.817,918.97253,727.2922
frame_000015.jpg,burpees,1067.4398,892.681,-623.0736,1062.4702,880.821,-652.60815,1064.6891,879.17346,-652.5617,1067.1511,877.32886,-652.64246,1058.8544,881.1542,-612.05133,1058.57,879.8522,-612.19226,1058.2488,878.1841,-612.25134,1084.5742,859.5733,-676.83655,1072.1238,860.66907,-495.79868,1083.4348,892.7659,-620.7932,1078.2854,893.59845,-568.5207,1194.0115,859.46606,-664.8662,1111.7986,843.1422,-308.8822,1283.9497,909.0397,-744.80554,1131.7913,907.50433,-120.44486,1276.0844,1003.72156,-821.2691,1117.2778,976.61206,-52.848408,1270.4819,1020.93616,-906.00934,1094.0334,988.77686,-58.7376,1250.4172,1016.98486,-904.72473,1101.5164,987.61554,-102.70835,1251.2896,1012.6084,-827.19824,1116.7399,984.64685,-69.79792,1319.8113,846.7027,-121.71233,1283.1267,837.91394,121.389885,1403.9321,879.92786,212.6895,1378.2808,875.97485,461.2984,1498.4551,886.4139,576.7958,1450.7578,876.35596,860.44934,1520.1747,874.9944,610.0474,1465.8835,866.5298,902.30194,1498.6846,945.36914,523.99176,1449.8468,927.87634,864.526
frame_000016.jpg,burpees,1120.575,696.21356,-670.45215,1123.4592,677.0544,-694.6313,1127.2255,674.7388,-694.56,1131.179,672.42267,-694.6663,1117.0508,678.1293,-659.4484,1116.2675,676.6724,-659.8291,1115.6333,675.0451,-659.9174,1154.0502,661.6009,-698.1395,1132.6738,664.08234,-537.64026,1137.6359,703.5702,-662.68567,1129.0934,704.79736,-615.59937,1243.9214,699.67505,-665.83923,1140.8583,699.5148,-358.2474,1281.2416,821.83826,-694.7896,1115.1127,808.7725,-307.75098,1264.0671,925.97595,-720.59283,1078.0631,903.08417,-410.37006,1273.013,955.6478,-809.18304,1070.3234,932.8205,-436.47766,1249.7721,954.98145,-809.71204,1076.2163,937.44073,-504.87646,1248.1279,947.267,-727.2795,1080.2625,929.08905,-441.29025,1346.8271,704.8832,-102.930336,1283.3402,708.1147,102.86802,1292.7671,814.19037,-400.04855,1185.4768,789.8231,-51.492924,1313.6472,962.78937,-273.13907,1245.3058,933.8268,91.84425,1328.3828,978.8372,-264.96075,1266.3877,959.2738,102.18915,1262.8212,996.1072,-405.57944,1208.7797,977.2148,4.77088
frame_000017.jpg,burpees,1232.1191,363.9818,-267.75882,1241.973,349.06757,-255.30545,1246.9674,348.35687,-255.38281,1252.6666,347.682,-255.44403,1232.6879,350.88303,-231.18338,1230.7892,351.16953,-231.17645,1229.0037,351.5144,-231.15489,1273.6599,353.14337,-152.00539,1240.4464,356.68106,-38.114864,1242.4525,377.29565,-229.12602,1231.2156,378.93222,-196.08618,1332.8342,422.54526,-133.40672,1216.8312,437.41458,136.7189,1400.7155,469.4696,-396.50787,1141.842,493.05356,277.3487,1405.1486,403.0602,-758.5218,1064.1001,440.4423,226.71391,1406.7792,376.66592,-821.20325,1041.8354,425.18893,226.08958,1399.054,373.24075,-821.88275,1043.4052,417.88245,198.6219,1394.5417,380.52725,-768.46106,1052.119,422.1747,212.58612,1309.1611,636.16833,-114.48841,1245.8475,640.21893,114.31337,1319.6951,796.09235,-135.20569,1266.2578,795.6654,129.09406,1346.692,942.734,-45.831135,1294.4332,936.98694,218.88148,1359.1096,964.0517,-45.850903,1315.763,956.95544,217.06935,1305.412,991.4227,-216.03952,1248.815,979.24963,76.93385
frame_000018.jpg,burpees,1122.1129,820.90936,-739.5131,1118.2295,810.4551,-776.3234,1121.2817,807.5539,-776.2796,1124.5529,804.3287,-776.44196,1111.4833,811.76697,-734.5049,1109.5881,810.27814,-734.6976,1107.8,808.31775,-734.61694,1132.8201,782.3148,-806.8593,1111.2273,787.80237,-612.0712,1139.1237,810.8285,-736.6155,1131.1272,814.837,-679.75446,1225.8959,756.9942,-759.258,1116.4518,757.22845,-399.38477,1264.7151,884.92065,-857.3981,1121.3119,870.6826,-308.54556,1260.6937,1006.4341,-991.80884,1102.3491,979.33466,-445.0441,1255.0829,1025.9551,-1119.3004,1076.4619,995.7241,-472.18854,1239.8722,1023.91437,-1102.9336,1081.7827,996.01025,-550.6404,1240.975,1019.15,-997.91797,1096.6176,991.1694,-478.54187,1313.7394,648.14343,-136.82869,1243.8507,658.81793,137.18425,1361.6381,773.2469,-178.5912,1287.0238,787.0068,230.37828,1441.2228,874.0198,120.271225,1387.3524,870.8967,585.05054,1459.867,875.9615,141.66359,1406.1318,873.55884,620.0518,1418.7833,928.31915,-2.2975135,1368.8335,921.9933,544.90924
frame_000019.jpg,burpees,1054.4851,987.2233,-410.04205,1049.7711,976.88855,-433.04733,1051.5626,975.2384,-433.00833,1053.4978,973.3079,-433.09976,1047.2411,976.2947,-404.90857,1047.2905,974.1503,-405.0502,1047.3752,971.71173,-405.10355,1071.6051,951.21124,-453.6065,1059.6116,951.46185,-330.35864,1070.8684,987.4436,-408.6198,1067.2059,986.3425,-373.3464,1179.7898,933.6333,-420.68466,1095.1588,905.6787,-204.39342,1285.8136,922.30786,-356.50662,1126.9546,912.4856,15.154599,1267.886,1004.46967,-249.42032,1098.6334,972.8881,156.40382,1263.5668,1024.5688,-271.7957,1068.071,981.57227,162.26636,1243.8795,1021.5866,-281.88184,1073.9866,980.2458,140.13052,1245.3085,1015.61584,-250.97563,1085.7908,978.21844,150.86258,1314.4596,900.6775,-88.29835,1267.5762,882.7289,88.07454,1408.2764,904.34357,163.84962,1373.7571,894.7248,324.3335,1491.384,885.7929,380.23657,1444.4048,875.2752,569.94055,1509.6816,870.37006,402.23807,1456.6033,859.8544,597.2713,1491.97,939.0004,368.06488,1450.6361,921.3095,603.3761
frame_000020.jpg,burpees,1043.5564,1026.8059,-429.0912,1038.9429,1014.1016,-454.5944,1041.0388,1012.5234,-454.55872,1043.1992,1010.92474,-454.63257,1035.7461,1013.57965,-427.23718,1035.4984,1011.6069,-427.37433,1035.2056,1009.5453,-427.4142,1061.1143,989.7379,-476.56375,1047.0342,990.1523,-358.0213,1058.2905,1025.8676,-427.2336,1054.6534,1025.3422,-393.36017,1171.5785,969.8851,-442.58014,1085.1057,931.5573,-223.72491,1273.4263,921.7413,-357.88684,1122.4476,900.93536,12.860987,1265.598,1012.3856,-207.41284,1108.6243,970.16394,188.27243,1260.9169,1026.0043,-221.29457,1096.7467,981.1462,199.75154,1246.7834,1023.8303,-228.3132,1095.1732,982.84564,174.19614,1246.2358,1019.5753,-205.69284,1109.6138,984.93695,181.81009,1306.3793,929.5082,-88.10063,1265.0546,915.22534,87.80245,1406.4521,923.1345,195.12561,1368.2576,903.9658,349.6569,1488.6644,885.22327,433.8418,1440.0825,874.10846,619.3095,1507.0876,867.8733,457.89667,1452.8287,859.91895,648.9634,1490.785,939.0905,417.81375,1447.9915,919.3675,656.0962
frame_000021.jpg,burpees,1063.0247,955.5581,-472.46912,1057.3871,946.36804,-498.63516,1059.4509,944.88336,-498.57147,1061.7104,943.10126,-498.62302,1054.2981,946.05255,-465.2213,1054.1721,944.4525,-465.41125,1054.07,942.74286,-465.5268,1079.2654,923.6886,-527.31,1068.023,925.0246,-380.83957,1081.7198,955.26404,-473.53714,1077.835,955.08844,-431.68875,1181.9365,914.0587,-514.0636,1106.1714,890.0111,-232.98305,1275.8652,918.6564,-522.6908,1123.1218,930.25275,-0.007757675,1263.7476,1008.7937,-497.54327,1099.9037,982.1268,154.22823,1259.9268,1023.1315,-541.2342,1078.5343,992.531,159.69531,1241.9406,1021.26154,-551.17444,1083.2456,990.40173,134.86469,1242.6432,1016.10126,-501.67706,1095.816,987.6713,147.08295,1309.5417,892.0716,-103.07457,1277.3784,879.7457,102.786514,1407.8896,898.67773,181.88826,1373.8309,891.781,375.62634,1495.967,890.1536,438.40314,1453.8812,883.09467,670.30414,1514.4856,875.00836,462.9461,1472.3318,870.5926,701.54095,1500.4557,941.8544,400.85162,1457.1877,930.9741,687.0
frame_000022.jpg,burpees,1072.1976,820.9368,-664.67755,1066.6158,805.9913,-687.65924,1069.5022,804.11304,-687.59625,1072.4415,801.9385,-687.68225,1061.5073,807.05835,-656.3191,1060.5564,805.8742,-656.4637,1059.7683,804.5651,-656.5505,1095.1323,783.80786,-681.48737,1073.4711,791.4642,-543.03174,1089.1447,821.8708,-650.79614,1081.7803,825.52716,-611.0088,1197.1862,812.0879,-662.32263,1102.8474,804.44714,-330.38544,1252.1637,908.4352,-714.6486,1110.7571,887.75946,-166.45497,1260.4164,1013.1695,-775.4751,1105.6769,977.11774,-156.30396,1252.8381,1026.3866,-858.00146,1079.4626,987.9127,-173.9949,1236.6975,1022.49725,-861.20026,1089.2985,989.1194,-222.06499,1238.9393,1018.7313,-782.79095,1101.0656,986.5177,-176.68935,1313.7742,825.89087,-109.83432,1275.2228,826.9449,109.39468,1402.1854,871.26215,194.38568,1366.6956,873.0521,422.25827,1490.5846,886.6218,548.8223,1444.5422,891.21234,799.2965,1507.9948,873.9038,580.9558,1473.8867,883.35986,837.70056,1497.8728,942.75793,488.46286,1453.655,938.115,783.19684
frame_000023.jpg,burpees,1086.6749,833.1132,-510.61786,1080.7865,823.27856,-549.4487,1083.0818,821.11316,-549.33887,1085.5668,818.8833,-549.30084,1075.1108,824.5125,-517.1358,1073.3369,823.17206,-517.33765,1071.5748,821.28503,-517.4958,1100.1544,799.7494,-612.0888,1083.2451,800.2448,-467.26907,1103.4395,827.28235,-521.1326,1096.1898,829.7669,-479.4266,1206.7959,799.3742,-595.2823,1099.0126,768.4561,-327.24713,1249.7362,909.42,-614.7393,1104.2148,873.0622,-153.12907,1264.5792,1015.34827,-650.3016,1105.2562,977.4043,-175.03679,1252.7902,1030.9054,-731.5542,1080.8522,990.8064,-206.46867,1238.7393,1028.1797,-736.3563,1087.2056,990.89655,-262.8396,1242.087,1020.7266,-657.8633,1097.5586,987.84875,-198.72192,1322.0636,777.6016,-104.69413,1279.5464,763.51984,104.21762,1392.956,840.61115,271.28278,1354.8213,841.75433,448.5801,1473.6382,884.9519,650.8551,1424.832,883.36414,842.90826,1489.2844,876.92596,687.3042,1439.1631,884.13403,884.6134,1471.5314,937.5639,614.40594,1441.3303,932.4299,840.5118
frame_000024.jpg,burpees,1143.546,824.4158,-555.7983,1141.8478,818.9704,-603.34937,1145.9841,817.0468,-603.0976,1150.0372,815.1796,-602.9811,1131.7345,818.6522,-567.69885,1128.4955,816.8462,-567.77625,1125.525,814.9458,-567.6269,1158.915,800.1652,-684.58405,1129.7351,799.18365,-517.494,1158.3654,814.534,-569.5787,1148.494,815.1335,-521.3899,1242.7852,779.4604,-674.33484,1125.3014,762.3673,-344.77206,1271.6368,896.4332,-813.04663,1124.8993,871.56464,-241.38734,1259.4069,1004.9372,-951.3637,1103.0737,980.7614,-378.9717,1254.0955,1023.7142,-1069.3722,1077.344,992.9879,-417.7613,1236.9922,1020.7539,-1055.1781,1085.3186,993.44006,-494.24222,1239.5812,1013.50653,-957.22345,1098.53,990.2854,-413.14844,1322.4976,653.12573,-125.18584,1260.0414,644.5366,125.2952,1325.1866,808.7042,43.090443,1253.9336,791.11804,291.02176,1361.9779,938.3468,369.65036,1291.3119,895.9055,643.10266,1374.4939,953.4062,393.02142,1311.087,913.0956,674.842,1335.6664,975.07275,258.00995,1251.1738,942.10156,571.96924
frame_000025.jpg,burpees,1137.062,683.91785,-643.4988,1139.8132,667.06995,-670.1792,1143.3947,665.3037,-670.04626,1147.3457,662.86096,-670.09033,1134.3098,667.4646,-636.2021,1133.8765,665.9431,-636.56934,1133.4275,664.21954,-636.68756,1166.5771,652.4819,-684.14264,1144.5188,653.756,-530.9935,1154.5532,688.5353,-638.5529,1145.8021,690.29535,-593.85266,1248.1554,693.71954,-664.07684,1144.5044,693.0965,-350.5128,1269.0753,810.4967,-693.09247,1112.0929,786.1228,-290.9495,1253.0692,921.50275,-706.1131,1076.5206,877.33057,-363.42123,1252.9875,951.28265,-784.48535,1060.4862,906.2601,-382.866,1241.6908,952.763,-781.8342,1063.768,910.9648,-443.91385,1241.6425,943.77954,-709.8192,1069.9723,903.4002,-390.6904,1349.3589,710.29803,-102.40403,1285.2422,713.3871,102.2582,1292.3901,819.6585,-379.43643,1213.9786,808.8077,-10.055264,1323.7214,966.7274,-327.98788,1258.5486,950.23145,78.37126,1341.8129,983.60516,-326.70792,1288.1805,988.27954,83.06025,1287.4353,1000.82855,-461.6099,1227.1594,1013.3292,-6.380125
frame_000026.jpg,burpees,1177.953,459.03094,-468.02618,1187.0018,442.57343,-458.60452,1192.0701,441.31656,-458.6138,1196.9872,440.26932,-458.67737,1178.1938,443.7733,-433.4135,1176.4364,443.50235,-433.50204,1174.8657,442.99515,-433.5101,1218.4481,445.09756,-361.88263,1188.8495,445.97015,-249.58658,1190.8613,472.54724,-430.5061,1179.5272,474.15747,-397.55603,1288.4199,518.47314,-355.61325,1177.8906,528.7076,-44.72891,1339.0603,602.9961,-498.6177,1118.1763,597.3643,52.82871,1358.1078,642.16656,-768.67816,1025.1617,590.1916,-63.398266,1370.1626,647.40283,-836.0789,1000.4973,581.36505,-80.13527,1361.8279,642.07764,-861.0288,997.9138,573.46185,-123.11067,1356.2521,640.00616,-785.54126,1007.99927,575.9948,-87.446884,1332.7645,682.98315,-103.1684,1267.6226,690.56836,103.279434,1293.8466,806.3096,-372.89197,1213.9683,803.3006,-11.1154175,1327.4894,958.09314,-337.968,1253.7952,941.86145,148.39166,1343.9393,979.67957,-344.054,1271.9353,964.8828,155.16031,1280.2817,999.3551,-528.7745,1187.4922,983.5703,35.07735
frame_000027.jpg,burpees,1227.0441,303.3337,-240.4321,1237.4165,289.04196,-226.71527,1243.0033,287.96506,-226.74446,1248.8949,287.27426,-226.8627,1225.6405,291.09418,-194.31445,1223.0736,291.36664,-194.34026,1220.6202,291.5168,-194.33885,1266.2086,291.1794,-131.93707,1230.4913,294.94873,20.863403,1241.163,315.02267,-204.15475,1225.8834,316.0279,-160.56548,1321.1536,344.80692,-138.16286,1214.0999,352.05557,172.74213,1365.4305,254.84116,-272.06937,1164.8665,273.264,337.2126,1374.2671,149.03528,-384.30048,1168.8927,185.02089,312.8926,1385.1549,120.173546,-440.34195,1169.2751,163.33311,288.91193,1381.8661,116.647865,-450.87415,1177.793,160.87585,273.26544,1373.7015,128.07375,-396.30942,1180.2356,168.9455,298.23254,1300.3999,583.2915,-113.5383,1232.0984,586.3333,113.67069,1304.83,740.7852,-146.9105,1247.1814,748.76227,142.47162,1329.4147,900.5157,-25.940138,1245.1846,891.64856,342.11917,1337.1267,922.285,-25.65586,1259.9955,911.11176,349.40918,1295.2708,961.912,-250.68741,1199.1761,948.12366,180.30838
frame_000028.jpg,burpees,1237.0098,280.2114,-31.55889,1247.8861,264.08624,-31.735064,1252.1055,263.2725,-31.76505,1256.6407,262.42075,-31.95479,1242.0275,265.13208,6.3336806,1241.8303,265.22324,6.344275,1241.6439,265.32065,6.393302,1277.6938,264.32535,-2.805579,1258.0947,268.34885,175.23698,1248.0621,291.2919,-18.320503,1240.3794,292.26688,32.023247,1323.236,319.67535,-54.714767,1255.1968,327.14908,290.48016,1311.1892,210.19879,-98.20178,1256.8899,226.1378,382.78842,1317.6558,136.11858,75.90781,1299.4384,147.87744,362.72556,1318.9224,116.2194,61.62498,1311.2664,125.95202,332.0071,1320.0182,117.656265,65.21912,1311.2946,125.88884,334.4275,1318.7727,123.865074,78.57157,1308.6805,136.69649,350.66058,1305.9874,549.1853,-116.79508,1246.2151,552.74506,116.73482,1315.0953,706.73914,-145.45934,1258.1676,709.03046,102.38189,1332.5425,867.4094,-40.870705,1273.0199,860.789,205.09949,1343.8768,889.58954,-40.375763,1295.7367,885.0919,204.96788,1289.3479,927.7949,-222.94522,1231.6139,920.1081,77.77012
frame_000029.jpg,burpees,1261.6453,367.5847,-223.50612,1269.4904,354.13486,-216.15744,1274.6937,353.41458,-216.1741,1280.7024,352.45435,-216.26762,1261.0065,355.65625,-186.20697,1259.5275,356.1366,-186.22092,1257.6267,356.5885,-186.2123,1303.9048,358.32397,-147.06041,1266.0085,361.52682,-9.2567215,1272.1598,383.4159,-198.80325,1261.4062,383.6386,-159.19334,1353.3734,430.4803,-146.35745,1247.4873,437.97327,163.95276,1428.6201,418.1472,-293.64337,1174.4569,465.20172,372.37405,1364.9165,338.17282,-332.14328,1192.0212,385.34058,508.47583,1349.0319,316.75974,-356.45062,1193.7661,362.80884,513.662,1342.7323,320.99435,-345.9574,1200.5033,361.51285,537.06195,1345.1278,330.0773,-328.66415,1203.6348,370.71088,516.21643,1320.0472,650.021,-103.73732,1257.201,653.17426,103.47938,1322.5483,808.33813,-68.2814,1267.1906,808.41833,131.21967,1344.021,950.38025,47.897278,1297.4482,943.5208,247.22917,1356.121,971.18756,51.646492,1313.4363,965.3572,249.73506,1309.4412,990.6508,-108.02678,1248.2244,984.0636,126.17868
frame_000030.jpg,burpees,1260.981,361.6729,-253.93083,1271.6635,347.6625,-258.51172,1277.0465,347.52036,-258.63828,1282.9216,347.43597,-258.69965,1262.1691,348.34744,-227.52132,1260.8496,348.5353,-227.48044,1259.5406,348.65717,-227.49585,1303.3745,356.51862,-214.27373,1270.8953,355.78137,-74.02284,1270.9248,377.59714,-234.10397,1260.524,377.5042,-193.5785,1355.2118,436.80243,-238.38591,1247.6284,451.70273,101.137115,1387.704,537.6413,-266.43832,1252.2937,566.57227,216.36632,1408.7495,636.2614,-352.58298,1226.5833,655.7014,92.121796,1412.0984,667.2202,-394.97766,1216.3228,685.04626,74.602936,1399.5485,666.2805,-425.40744,1214.8271,683.9921,16.737589,1395.3165,658.13055,-363.60318,1221.1196,676.1935,63.760105,1327.7887,642.16364,-109.48193,1266.7565,646.4116,109.40882,1327.3767,797.713,-144.56458,1281.7189,795.98267,105.757355,1346.3119,949.16956,-42.048824,1296.7274,939.22504,224.27711,1359.1708,969.4768,-42.47921,1310.4279,960.1456,225.02281,1299.7211,993.431,-205.17699,1247.7769,980.8516,100.59674
frame_000031.jpg,burpees,1259.873,360.49832,-300.96082,1271.0494,347.65787,-302.98132,1276.8107,347.5549,-303.084,1283.0488,347.42984,-303.12057,1260.4886,348.1007,-274.005,1258.6443,348.33163,-273.97958,1257.173,348.56604,-273.96317,1303.0594,355.55792,-250.13383,1267.233,355.7993,-118.60125,1270.935,377.71323,-278.4781,1259.1804,377.67242,-240.38452,1357.863,441.6449,-269.1108,1243.1581,456.31302,57.393257,1384.9917,548.1847,-289.99814,1233.5964,568.46844,168.91293,1395.6793,647.7569,-379.04486,1186.4722,649.21564,48.00609,1404.0817,680.6194,-422.10373,1173.6571,680.17084,31.669872,1390.774,680.8092,-452.8031,1173.0452,678.54047,-29.554075,1384.5109,673.4827,-391.22556,1177.5046,668.23254,17.518064,1328.8344,647.63086,-105.23475,1264.6362,652.5895,105.18837,1331.2332,798.7802,-138.42363,1284.5217,796.8895,127.866486,1348.1151,947.39496,-18.573658,1299.4502,937.786,273.88297,1358.7693,968.84094,-17.704315,1312.406,957.4346,277.50226,1303.1731,988.0986,-183.41275,1245.9926,978.38837,155.86392
frame_000032.jpg,burpees,1299.863,367.23132,-238.58183,1311.4263,355.14615,-234.5058,1317.6846,354.82285,-234.6127,1323.638,354.6519,-234.65025,1300.5973,355.9301,-209.18979,1298.8473,355.9605,-209.14554,1297.0432,356.08203,-209.14095,1342.4684,362.18164,-177.82896,1307.3601,362.55804,-61.393227,1312.7714,383.42462,-216.47856,1298.4725,383.8058,-182.9143,1391.2032,456.58777,-212.07242,1277.703,461.11005,82.30391,1389.2916,566.6568,-239.07962,1261.3772,568.667,152.22772,1364.1808,657.84,-313.78708,1238.4661,656.0301,19.52338,1364.6838,690.39404,-360.0614,1230.1558,684.89026,-8.094279,1349.6351,685.35046,-387.1014,1232.2789,682.7372,-55.335876,1346.3676,675.26416,-323.3247,1237.7008,672.7823,-5.1587043,1351.2582,657.7821,-94.58338,1289.2653,658.5706,94.50044,1359.5634,802.726,-82.026,1305.1265,797.81934,132.77347,1372.7311,940.87616,76.26168,1324.6248,933.01465,290.54468,1380.3749,963.2783,80.612625,1339.6389,953.2692,296.16266,1337.6414,981.7229,-78.72583,1275.5111,977.0889,179.13367
frame_000033.jpg,burpees,1265.1368,390.98856,-313.54306,1271.7596,373.5795,-315.83182,1277.5475,371.43317,-315.90918,1283.0049,369.1936,-315.9226,1262.2421,377.0417,-286.65842,1260.8324,377.42386,-286.6234,1259.383,377.75842,-286.6794,1304.0052,369.08908,-265.74002,1271.5138,377.3579,-132.86586,1282.1858,402.68365,-291.8161,1269.486,406.8796,-253.40953,1370.8256,452.58853,-280.42847,1260.3298,464.54657,29.9588,1384.6812,567.61975,-297.17804,1253.7893,569.2452,125.765236,1366.734,664.35614,-368.76096,1237.3236,661.0342,2.165206,1371.4335,696.354,-413.24542,1230.2946,693.48126,-17.418983,1355.43,694.03296,-439.38144,1233.1766,692.05676,-68.59453,1350.8407,684.6561,-377.00092,1237.9683,680.9726,-22.920593,1358.2773,660.0979,-97.41618,1295.9015,663.01874,97.353294,1362.9741,803.0799,-114.76768,1310.2382,794.7834,164.5206,1373.9702,943.0684,-6.6899266,1325.4769,934.1615,323.9932,1383.5806,964.85425,-6.7213683,1339.2732,955.448,330.56732,1320.9695,984.0852,-160.11533,1273.8512,973.0742,224.92615
frame_000034.jpg,burpees,1102.0099,823.7455,-603.72943,1097.3093,812.41925,-635.6196,1100.1891,809.97107,-635.52545,1103.1161,807.35504,-635.5562,1090.9846,813.99304,-597.5544,1088.9005,812.69946,-597.7203,1087.1194,811.192,-597.79865,1118.5477,786.917,-670.6198,1098.7112,793.925,-500.3088,1121.1887,821.0882,-604.5806,1112.0151,824.94745,-555.3662,1226.0186,802.6432,-656.43774,1123.0984,774.01465,-330.31793,1281.5969,896.8125,-704.9712,1128.8088,872.5861,-181.34914,1279.9261,1004.1195,-764.7342,1130.5387,976.7775,-215.75359,1269.7058,1019.7914,-855.50494,1102.6177,988.2166,-243.24689,1253.6282,1016.9281,-852.2688,1110.2119,988.1895,-299.3551,1256.4872,1012.8334,-770.5121,1124.0634,984.21515,-240.17294,1345.123,804.86584,-116.70574,1294.2723,794.2334,116.231575,1422.442,860.9309,233.91972,1383.665,853.38416,464.82147,1501.6887,879.53546,620.4346,1455.9329,873.16,877.8011,1525.1794,868.5989,656.99475,1473.1907,866.6305,921.6867,1498.7672,937.40344,581.8956,1447.8856,922.9465,879.3115
frame_000035.jpg,burpees,1091.0892,828.5775,-600.9978,1087.636,815.4843,-627.72565,1090.2039,813.60516,-627.6523,1092.9856,811.64136,-627.7266,1082.7759,816.2065,-592.3177,1082.0062,814.94086,-592.4706,1081.3932,813.5449,-592.546,1113.9159,795.67645,-644.01215,1098.455,799.7417,-486.77896,1107.7098,830.7786,-595.5395,1101.1863,832.9629,-550.3238,1214.2301,817.80566,-630.0403,1128.7493,811.47656,-309.84674,1286.1022,907.58234,-686.19666,1137.3137,882.182,-161.21976,1279.312,1003.32666,-746.95886,1132.0299,973.75854,-162.70334,1268.0033,1022.3084,-828.0093,1105.7177,985.10205,-180.91133,1253.6007,1017.20734,-824.3479,1114.397,986.6969,-228.57433,1255.0253,1010.68005,-751.303,1129.849,983.2904,-183.26631,1340.7872,833.7353,-109.3441,1299.599,829.37415,108.84913,1420.9233,870.7377,226.21793,1387.7455,872.52057,450.40906,1507.2991,888.65643,576.92676,1459.6133,881.1929,836.2183,1529.2938,878.3886,610.10034,1471.8429,872.3465,878.103,1500.5494,937.8847,531.21,1457.8167,925.94525,847.9163
frame_000036.jpg,burpees,1207.1124,413.4528,-434.70038,1216.312,396.41736,-425.41748,1221.9878,395.03387,-425.41785,1228.1427,393.70474,-425.46054,1205.8258,398.85507,-392.78845,1203.9612,399.04483,-392.84024,1202.384,399.3278,-392.81073,1251.0513,395.89822,-322.0508,1215.5017,402.01553,-170.08449,1224.3433,426.10532,-395.64914,1209.6406,428.13422,-351.23126,1324.0007,467.35184,-278.55167,1198.9792,480.07986,26.703049,1389.133,476.66156,-585.65784,1112.8481,490.7659,288.59344,1379.3203,389.4585,-932.6093,1073.9255,409.63635,411.74835,1386.6716,359.81027,-998.82764,1063.8489,386.76596,432.5481,1382.9785,354.08997,-994.2487,1069.1953,381.8694,423.7326,1377.7318,365.17245,-941.2423,1074.0876,389.24255,409.73807,1330.3177,674.91394,-124.63448,1256.4281,681.8261,124.90066,1296.4863,805.2821,-322.14093,1217.434,803.36487,29.447313,1331.508,961.8135,-294.35135,1261.452,940.7419,239.53821,1348.8318,985.6145,-301.96198,1282.6835,963.43463,248.08382,1289.8353,1005.1643,-510.75125,1202.9681,988.8459,112.27248
frame_000037.jpg,burpees,1250.7618,368.2158,-260.4156,1258.7435,352.22025,-257.24896,1264.5284,351.41205,-257.35083,1270.6847,350.95825,-257.38855,1250.5673,353.613,-231.12804,1249.1592,353.91046,-231.12068,1247.5066,354.2859,-231.13167,1294.4867,357.7896,-173.59006,1258.5402,361.7341,-52.5084,1261.207,383.71634,-226.46768,1251.4004,384.99545,-191.50293,1354.7172,435.4017,-150.26985,1244.8925,450.38943,127.07572,1414.1245,515.74066,-387.4089,1211.7941,530.9085,267.1704,1410.2997,464.42407,-733.46014,1122.024,522.1406,212.17809,1406.5918,446.7803,-793.19104,1096.2047,520.4285,214.20837,1400.3353,438.8573,-793.83356,1094.318,512.6124,175.19633,1398.5726,443.2507,-740.51373,1103.0884,512.204,193.38268,1326.1793,643.42114,-110.588234,1263.992,644.5785,110.539024,1333.0533,798.88525,-124.96085,1284.7062,796.2771,107.81404,1353.8456,944.8702,-30.443132,1305.1836,939.23645,197.46051,1366.4846,970.58014,-30.250895,1326.2195,961.5227,195.47287,1307.4473,987.7705,-193.09874,1254.0583,977.01825,60.581337
